{
  "resolution": {
    "width": 1280.0,
    "height": 720.0
  },
  "cameraIntrinsics": {
    "rows": 3,
    "cols": 3,
    "type": 6,
    "data": [
      1060.9825799706975,
      0.0,
      668.9976907781046,
      0.0,
      1090.6999107806894,
      342.8851810520121,
      0.0,
      0.0,
      1.0
    ]
  },
  "distCoeffs": {
    "rows": 1,
    "cols": 5,
    "type": 6,
    "data": [
      -0.2710123040969841,
      2.0468938859882737,
      0.010769883028548232,
      0.013494108245786498,
      -3.0046783149407132
    ]
  },
  "calobjectWarp": [],
  "observations": [],
  "calobjectSize": {
    "width": 0.0,
    "height": 0.0
  },
  "calobjectSpacing": 0.0,
  "lensmodel": "LENSMODEL_OPENCV"
}
